,model,hidden_size,lr,n_epochs,embed_dim,model_name,Test Accuracy,Test F1
0,Graph,128,0.01,1,16,Graph,0.3163265306122449,0.08010335917312662
1,Graph,128,0.01,1,32,Graph,0.3622448979591837,0.1459842995169082
