Model name,f1 micro,f1 macro,f1 weighted,accuracy
BiLSTM full,0.329949239,0.162166711,0.292402117,0.329949239
BiLSTM sense only,0.294416244,0.151717902,0.267119817,0.294416244
BiLSTM word embedding only,0.365482234,0.188836509,0.325461197,0.365482234
Attention full,0.436548223,0.251626503,0.410632134,0.436548223
Attention sense only,0.385786802,0.286242234,0.377884545,0.385786802
Attention word embedding only,0.360406091,0.228870123,0.345173456,0.360406091
